Date,FB,MEDIA,DIF CUADR,Ren Abs,Ren S,Ren Continua,,AAPL,MEDIA,DIF CUADR,Ren Abs,Ren S,Ren Continua
9/9/2013,44.310001,157.0773748,12716.48059,,R = G / I,,,14.658429,49.9323659,1244.250625,,,
9/16/2013,47.490002,157.0773748,12009.39228,3.180001,7.18%,6.93%,,14.737571,49.9323659,1238.673588,0.079142,0.54%,0.54%
9/23/2013,51.240002,157.0773748,11201.54948,3.750000,7.90%,7.60%,,15.221246,49.9323659,1204.861845,0.483675,3.28%,3.23%
9/30/2013,51.040001,157.0773748,11243.92464,-0.200001,-0.39%,-0.39%,,15.230074,49.9323659,1204.249063,0.008828,0.06%,0.06%
10/7/2013,49.110001,157.0773748,11656.95381,-1.930000,-3.78%,-3.85%,,15.538437,49.9323659,1182.942345,0.308363,2.02%,2.00%
10/14/2013,54.220001,157.0773748,10579.63935,5.110000,10.41%,9.90%,,16.045443,49.9323659,1148.323544,0.507006,3.26%,3.21%
10/21/2013,51.950001,157.0773748,11051.76472,-2.270000,-4.19%,-4.28%,,16.583664,49.9323659,1112.135919,0.538221,3.35%,3.30%
10/28/2013,49.75,157.0773748,11519.16538,-2.200001,-4.23%,-4.33%,,16.396696,49.9323659,1124.641156,-0.186968,-1.13%,-1.13%
11/4/2013,47.529999,157.0773748,12000.62755,-2.220001,-4.46%,-4.56%,,16.413404,49.9323659,1123.520807,0.016708,0.10%,0.10%
11/11/2013,49.009998,157.0773748,11678.55793,1.479999,3.11%,3.07%,,16.649731,49.9323659,1107.733786,0.236327,1.44%,1.43%
11/18/2013,46.23,157.0773748,12287.1405,-2.779998,-5.67%,-5.84%,,16.485126,49.9323659,1118.717857,-0.164605,-0.99%,-0.99%
11/25/2013,47.009998,157.0773748,12114.82744,0.779998,1.69%,1.67%,,17.63542,49.9323659,1043.092715,1.150294,6.98%,6.75%
12/2/2013,47.939999,157.0773748,11910.9668,0.930001,1.98%,1.96%,,17.760683,49.9323659,1035.017181,0.125263,0.71%,0.71%
12/9/2013,53.32,157.0773748,10765.59283,5.380001,11.22%,10.64%,,17.583403,49.9323659,1046.455401,-0.177280,-1.00%,-1.00%
12/16/2013,55.119999,157.0773748,10395.30648,1.799999,3.38%,3.32%,,17.411819,49.9323659,1057.585971,-0.171584,-0.98%,-0.98%
12/23/2013,55.439999,157.0773748,10330.15616,0.320000,0.58%,0.58%,,17.762909,49.9323659,1034.873958,0.351090,2.02%,2.00%
12/30/2013,54.560001,157.0773748,10509.81193,-0.879998,-1.59%,-1.60%,,17.156841,49.9323659,1074.235033,-0.606068,-3.41%,-3.47%
1/6/2014,57.939999,157.0773748,9828.219281,3.379998,6.20%,6.01%,,16.901859,49.9323659,1091.014386,-0.254982,-1.49%,-1.50%
1/13/2014,56.299999,157.0773748,10156.07947,-1.640000,-2.83%,-2.87%,,17.147015,49.9323659,1074.879234,0.245156,1.45%,1.44%
1/20/2014,54.450001,157.0773748,10532.37785,-1.849998,-3.29%,-3.34%,,17.318272,49.9323659,1063.679121,0.171257,1.00%,0.99%
1/27/2014,62.57,157.0773748,8931.643892,8.119999,14.91%,13.90%,,15.876214,49.9323659,1159.821483,-1.442058,-8.33%,-8.69%
2/3/2014,64.32,157.0773748,8603.930581,1.750000,2.80%,2.76%,,16.481323,49.9323659,1118.972271,0.605109,3.81%,3.74%
2/10/2014,67.089996,157.0773748,8097.728344,2.769996,4.31%,4.22%,,17.355572,49.9323659,1061.247501,0.874249,5.30%,5.17%
2/17/2014,68.589996,157.0773748,7830.016208,1.500000,2.24%,2.21%,,16.757687,49.9323659,1100.55932,-0.597885,-3.44%,-3.51%
2/24/2014,68.459999,157.0773748,7853.039294,-0.129997,-0.19%,-0.19%,,16.789272,49.9323659,1098.464674,0.031585,0.19%,0.19%
3/3/2014,69.800003,157.0773748,7617.339629,1.340004,1.96%,1.94%,,16.923269,49.9323659,1089.600478,0.133997,0.80%,0.79%
3/10/2014,67.720001,157.0773748,7984.740253,-2.080002,-2.98%,-3.03%,,16.739819,49.9323659,1101.74517,-0.183450,-1.08%,-1.09%
3/17/2014,67.239998,157.0773748,8070.754271,-0.480003,-0.71%,-0.71%,,17.000797,49.9323659,1084.488231,0.260978,1.56%,1.55%
3/24/2014,60.009998,157.0773748,9422.07564,-7.230000,-10.75%,-11.38%,,17.128094,49.9323659,1076.120255,0.127297,0.75%,0.75%
3/31/2014,56.75,157.0773748,10065.58214,-3.259998,-5.43%,-5.59%,,16.9673,49.9323659,1086.69557,-0.160794,-0.94%,-0.94%
4/7/2014,58.529999,157.0773748,9711.585278,1.779999,3.14%,3.09%,,16.577742,49.9323659,1112.530936,-0.389558,-2.30%,-2.32%
4/14/2014,58.939999,157.0773748,9630.94453,0.410000,0.70%,0.70%,,16.747799,49.9323659,1101.215481,0.170057,1.03%,1.02%
4/21/2014,57.709999,157.0773748,9873.875374,-1.230000,-2.09%,-2.11%,,18.247299,49.9323659,1003.943465,1.499500,8.95%,8.58%
4/28/2014,60.459999,157.0773748,9334.917307,2.750000,4.77%,4.66%,,18.905792,49.9323659,962.6482883,0.658493,3.61%,3.55%
5/5/2014,57.240002,157.0773748,9967.501008,-3.219997,-5.33%,-5.47%,,18.681194,49.9323659,976.6357454,-0.224598,-1.19%,-1.20%
5/12/2014,58.02,157.0773748,9812.363503,0.779998,1.36%,1.35%,,19.169559,49.9323659,946.3502886,0.488365,2.61%,2.58%
5/19/2014,61.349998,157.0773748,9163.73067,3.329998,5.74%,5.58%,,19.702768,49.9323659,913.8285895,0.533209,2.78%,2.74%
5/26/2014,63.299999,157.0773748,8794.196213,1.950001,3.18%,3.13%,,20.308167,49.9323659,877.5931607,0.605399,3.07%,3.03%
6/2/2014,62.5,157.0773748,8944.879825,-0.799999,-1.26%,-1.27%,,20.711439,49.9323659,853.8625692,0.403272,1.99%,1.97%
6/9/2014,64.5,157.0773748,8570.570326,2.000000,3.20%,3.15%,,20.499372,49.9323659,866.3011302,-0.212067,-1.02%,-1.03%
6/16/2014,64.5,157.0773748,8570.570326,0.000000,0.00%,0.00%,,20.416283,49.9323659,871.19915,-0.083089,-0.41%,-0.41%
6/23/2014,67.599998,157.0773748,8006.20096,3.099998,4.81%,4.69%,,20.65658,49.9323659,857.0716403,0.240297,1.18%,1.17%
6/30/2014,66.290001,157.0773748,8242.347242,-1.309997,-1.94%,-1.96%,,21.116961,49.9323659,830.3275598,0.460381,2.23%,2.20%
7/7/2014,66.339996,157.0773748,8233.271912,0.049995,0.08%,0.08%,,21.384207,49.9323659,814.9973768,0.267246,1.27%,1.26%
7/14/2014,68.419998,157.0773748,7860.130462,2.080002,3.14%,3.09%,,21.206789,49.9323659,825.1587685,-0.177418,-0.83%,-0.83%
7/21/2014,75.190002,157.0773748,6705.541825,6.770004,9.89%,9.44%,,21.934425,49.9323659,783.8846949,0.727636,3.43%,3.37%
7/28/2014,72.360001,157.0773748,7177.033424,-2.830001,-3.76%,-3.84%,,21.588572,49.9323659,803.3706529,-0.345853,-1.58%,-1.59%
8/4/2014,73.059998,157.0773748,7058.919605,0.699997,0.97%,0.96%,,21.276411,49.9323659,821.1637515,-0.312161,-1.45%,-1.46%
8/11/2014,73.629997,157.0773748,6963.464862,0.569999,0.78%,0.78%,,22.113489,49.9323659,773.8899122,0.837078,3.93%,3.86%
8/18/2014,74.57,157.0773748,6807.466897,0.940003,1.28%,1.27%,,22.867311,49.9323659,732.517197,0.753822,3.41%,3.35%
8/25/2014,74.82,157.0773748,6766.27571,0.250000,0.34%,0.33%,,23.133631,49.9323659,718.1721925,0.266320,1.16%,1.16%
9/1/2014,77.260002,157.0773748,6370.813001,2.440002,3.26%,3.21%,,22.336929,49.9323659,761.508138,-0.796702,-3.44%,-3.50%
9/8/2014,77.480003,157.0773748,6335.741598,0.220001,0.28%,0.28%,,22.944048,49.9323659,728.3693033,0.607119,2.72%,2.68%
9/15/2014,77.910004,157.0773748,6267.4726,0.430001,0.55%,0.55%,,22.78606,49.9323659,736.9219243,-0.157988,-0.69%,-0.69%
9/22/2014,78.790001,157.0773748,6128.912897,0.879997,1.13%,1.12%,,22.738665,49.9323659,739.4973689,-0.047395,-0.21%,-0.21%
9/29/2014,77.440002,157.0773748,6342.111147,-1.349999,-1.71%,-1.73%,,22.483625,49.9323659,753.4333772,-0.255040,-1.12%,-1.13%
10/6/2014,72.910004,157.0773748,7084.146308,-4.529998,-5.85%,-6.03%,,22.734148,49.9323659,739.7430572,0.250523,1.11%,1.11%
10/13/2014,75.949997,157.0773748,6581.651429,3.039993,4.17%,4.08%,,22.043528,49.9323659,777.7872797,-0.690620,-3.04%,-3.08%
10/20/2014,80.669998,157.0773748,5838.08723,4.720001,6.21%,6.03%,,23.74752,49.9323659,685.646155,1.703992,7.73%,7.45%
10/27/2014,74.989998,157.0773748,6738.337431,-5.680000,-7.04%,-7.30%,,24.374943,49.9323659,653.1818655,0.627423,2.64%,2.61%
11/3/2014,75.599998,157.0773748,6638.562931,0.610000,0.81%,0.81%,,24.602894,49.9323659,641.582147,0.227951,0.94%,0.93%
11/10/2014,74.879997,157.0773748,6756.408918,-0.720001,-0.95%,-0.96%,,25.881474,49.9323659,578.4454014,1.278580,5.20%,5.07%
11/17/2014,73.75,157.0773748,6943.451392,-1.129997,-1.51%,-1.52%,,26.400557,49.9323659,553.7460303,0.519083,2.01%,1.99%
11/24/2014,77.699997,157.0773748,6300.768107,3.949997,5.36%,5.22%,,26.958164,49.9323659,527.8139532,0.557607,2.11%,2.09%
12/1/2014,76.360001,157.0773748,6515.294434,-1.339996,-1.72%,-1.74%,,26.06735,49.9323659,569.5389841,-0.890814,-3.30%,-3.36%
12/8/2014,77.830002,157.0773748,6280.146096,1.470001,1.93%,1.91%,,24.872782,49.9323659,627.9827455,-1.194568,-4.58%,-4.69%
12/15/2014,79.879997,157.0773748,5959.43514,2.049995,2.63%,2.60%,,25.337458,49.9323659,604.9094948,0.464676,1.87%,1.85%
12/22/2014,80.779999,157.0773748,5821.289555,0.900002,1.13%,1.12%,,25.8384,49.9323659,580.519193,0.500942,1.98%,1.96%
12/29/2014,78.449997,157.0773748,6182.26454,-2.330002,-2.88%,-2.93%,,24.78211,49.9323659,632.5353721,-1.056290,-4.09%,-4.17%
1/5/2015,77.739998,157.0773748,6294.419358,-0.709999,-0.91%,-0.91%,,25.389593,49.9323659,602.3477018,0.607483,2.45%,2.42%
1/12/2015,75.18,157.0773748,6707.18,-2.559998,-3.29%,-3.35%,,24.025023,49.9323659,671.1904164,-1.364570,-5.37%,-5.52%
1/19/2015,77.830002,157.0773748,6280.146096,2.650002,3.52%,3.46%,,25.609468,49.9323659,591.6033625,1.584445,6.59%,6.39%
1/26/2015,75.910004,157.0773748,6588.142083,-1.919998,-2.47%,-2.50%,,26.556961,49.9323659,546.4095545,0.947493,3.70%,3.63%
2/2/2015,74.470001,157.0773748,6823.978207,-1.440003,-1.90%,-1.92%,,26.958164,49.9323659,527.8139532,0.401203,1.51%,1.50%
2/9/2015,75.739998,157.0773748,6615.768865,1.269997,1.71%,1.69%,,28.919231,49.9323659,441.5518385,1.961067,7.27%,7.02%
2/16/2015,79.900002,157.0773748,5956.346873,4.160004,5.49%,5.35%,,29.46995,49.9323659,418.7104647,0.550719,1.90%,1.89%
2/23/2015,78.970001,157.0773748,6100.761843,-0.930001,-1.16%,-1.17%,,29.233278,49.9323659,428.4522401,-0.236672,-0.80%,-0.81%
3/2/2015,80.010002,157.0773748,5939.379951,1.040001,1.32%,1.31%,,28.810003,49.9323659,446.1542147,-0.423275,-1.45%,-1.46%
3/9/2015,78.050003,157.0773748,6245.325494,-1.959999,-2.45%,-2.48%,,28.125021,49.9323659,475.5602918,-0.684982,-2.38%,-2.41%
3/16/2015,83.800003,157.0773748,5369.573219,5.750000,7.37%,7.11%,,28.650705,49.9323659,452.9090909,0.525684,1.87%,1.85%
3/23/2015,83.300003,157.0773748,5443.10059,-0.500000,-0.60%,-0.60%,,28.047655,49.9323659,478.9405714,-0.603050,-2.10%,-2.13%
3/30/2015,81.559998,157.0773748,5702.874199,-1.740005,-2.09%,-2.11%,,28.518719,49.9323659,458.5442738,0.471064,1.68%,1.67%
4/6/2015,82.040001,157.0773748,5630.607467,0.480003,0.59%,0.59%,,28.923786,49.9323659,441.3604296,0.405067,1.42%,1.41%
4/13/2015,80.779999,157.0773748,5821.289555,-1.260002,-1.54%,-1.55%,,28.389,49.9323659,464.1166145,-0.534786,-1.85%,-1.87%
4/20/2015,81.529999,157.0773748,5707.405991,0.750000,0.93%,0.92%,,29.647446,49.9323659,411.4779755,1.258446,4.43%,4.34%
4/27/2015,78.989998,157.0773748,6097.638416,-2.540001,-3.12%,-3.16%,,29.344788,49.9323659,423.848364,-0.302658,-1.02%,-1.03%
5/4/2015,78.510002,157.0773748,6172.832069,-0.479996,-0.61%,-0.61%,,29.04212,49.9323659,436.402374,-0.302668,-1.03%,-1.04%
5/11/2015,80.419998,157.0773748,5876.353419,1.909996,2.43%,2.40%,,29.426228,49.9323659,420.5016918,0.384108,1.32%,1.31%
5/18/2015,80.540001,157.0773748,5857.969589,0.120003,0.15%,0.15%,,30.287733,49.9323659,385.911602,0.861505,2.93%,2.89%
5/25/2015,79.190002,157.0773748,6066.442842,-1.349999,-1.68%,-1.69%,,29.771284,49.9323659,406.4692236,-0.516449,-1.71%,-1.72%
6/1/2015,82.139999,157.0773748,5615.610292,2.949997,3.73%,3.66%,,29.3988,49.9323659,421.6273288,-0.372484,-1.25%,-1.26%
6/8/2015,81.529999,157.0773748,5707.405991,-0.610000,-0.74%,-0.75%,,29.060598,49.9323659,435.6306955,-0.338202,-1.15%,-1.16%
6/15/2015,82.510002,157.0773748,5560.293087,0.980003,1.20%,1.19%,,28.930344,49.9323659,441.0849241,-0.130254,-0.45%,-0.45%
6/22/2015,88.010002,157.0773748,4770.301986,5.500000,6.67%,6.45%,,28.964624,49.9323659,439.6462006,0.034280,0.12%,0.12%
6/29/2015,87.290001,157.0773748,4870.277543,-0.720001,-0.82%,-0.82%,,28.893778,49.9323659,442.622181,-0.070846,-0.24%,-0.24%
7/6/2015,87.949997,157.0773748,4778.594362,0.659996,0.76%,0.75%,,28.171667,49.9323659,473.5280168,-0.722111,-2.50%,-2.53%
7/13/2015,94.970001,157.0773748,3857.325881,7.020004,7.98%,7.68%,,29.62047,49.9323659,412.5731152,1.448803,5.14%,5.01%
7/20/2015,96.949997,157.0773748,3615.301562,1.979996,2.08%,2.06%,,28.450457,49.9323659,461.4724102,-1.170013,-3.95%,-4.03%
7/27/2015,94.010002,157.0773748,3977.493512,-2.939995,-3.03%,-3.08%,,27.719204,49.9323659,493.4245618,-0.731253,-2.57%,-2.60%
8/3/2015,94.300003,157.0773748,3940.998411,0.290001,0.31%,0.31%,,26.398365,49.9323659,553.8491986,-1.320839,-4.77%,-4.88%
8/10/2015,94.419998,157.0773748,3925.946868,0.119995,0.13%,0.13%,,26.61886,49.9323659,543.5195576,0.220495,0.84%,0.83%
8/17/2015,86.059998,157.0773748,5043.467808,-8.360000,-8.85%,-9.27%,,24.277426,49.9323659,658.1759415,-2.341434,-8.80%,-9.21%
8/24/2015,91.010002,157.0773748,4364.897749,4.950004,5.75%,5.59%,,26.005957,49.9323659,572.4730431,1.728531,7.12%,6.88%
8/31/2015,88.260002,157.0773748,4735.8308,-2.750000,-3.02%,-3.07%,,25.08316,49.9323659,617.4830341,-0.922797,-3.55%,-3.61%
9/7/2015,92.050003,157.0773748,4228.559084,3.790001,4.29%,4.20%,,26.217144,49.9323659,562.41175,1.133984,4.52%,4.42%
9/14/2015,94.400002,157.0773748,3928.453062,2.349999,2.55%,2.52%,,26.042686,49.9323659,570.7168059,-0.174458,-0.67%,-0.67%
9/21/2015,92.769997,157.0773748,4135.43884,-1.630005,-1.73%,-1.74%,,26.331915,49.9323659,556.9812829,0.289229,1.11%,1.10%
9/28/2015,92.07,157.0773748,4225.958779,-0.699997,-0.75%,-0.76%,,25.337959,49.9323659,604.884851,-0.993956,-3.77%,-3.85%
10/5/2015,93.239998,157.0773748,4075.210677,1.169998,1.27%,1.26%,,25.737379,49.9323659,585.3973913,0.399420,1.58%,1.56%
10/12/2015,97.540001,157.0773748,3544.69888,4.300003,4.61%,4.51%,,25.489464,49.9323659,597.4554535,-0.247915,-0.96%,-0.97%
10/19/2015,102.190002,157.0773748,3012.623693,4.650001,4.77%,4.66%,,27.335064,49.9323659,510.6380534,1.845600,7.24%,6.99%
10/26/2015,101.970001,157.0773748,3036.822648,-0.220001,-0.22%,-0.22%,,27.43148,49.9323659,506.2898665,0.096416,0.35%,0.35%
11/2/2015,107.099998,157.0773748,2497.738192,5.129997,5.03%,4.91%,,27.789574,49.9323659,490.3032333,0.358094,1.31%,1.30%
11/9/2015,103.949997,157.0773748,2822.518272,-3.150001,-2.94%,-2.99%,,25.898266,49.9323659,577.6379582,-1.891308,-6.81%,-7.05%
11/16/2015,107.32,157.0773748,2475.796347,3.370003,3.24%,3.19%,,27.502792,49.9323659,503.0857855,1.604526,6.20%,6.01%
11/23/2015,105.449997,157.0773748,2665.386139,-1.870003,-1.74%,-1.76%,,27.159292,49.9323659,518.6128951,-0.343500,-1.25%,-1.26%
11/30/2015,106.18,157.0773748,2590.542762,0.730003,0.69%,0.69%,,27.440542,49.9323659,505.8821426,0.281250,1.04%,1.03%
12/7/2015,102.120003,157.0773748,3020.312716,-4.059997,-3.82%,-3.90%,,26.091917,49.9323659,568.367004,-1.348625,-4.91%,-5.04%
12/14/2015,104.040001,157.0773748,2812.96302,1.919998,1.88%,1.86%,,24.443598,49.9323659,649.6772893,-1.648319,-6.32%,-6.53%
12/21/2015,105.019997,157.0773748,2709.970584,0.979996,0.94%,0.94%,,24.904663,49.9323659,626.3859127,0.461065,1.89%,1.87%
12/28/2015,104.660004,157.0773748,2747.580762,-0.359993,-0.34%,-0.34%,,24.266081,49.9323659,658.7581808,-0.638582,-2.56%,-2.60%
1/4/2016,97.330002,157.0773748,3569.748557,-7.330002,-7.00%,-7.26%,,22.352642,49.9323659,760.6411707,-1.913439,-7.89%,-8.21%
1/11/2016,94.970001,157.0773748,3857.325881,-2.360001,-2.42%,-2.45%,,22.391838,49.9323659,758.4806773,0.039196,0.18%,0.18%
1/18/2016,97.940002,157.0773748,3497.228862,2.970001,3.13%,3.08%,,23.380831,49.9323659,704.9840058,0.988993,4.42%,4.32%
1/25/2016,112.209999,157.0773748,2013.081412,14.269997,14.57%,13.60%,,22.440245,49.9323659,755.8167118,-0.940586,-4.02%,-4.11%
2/1/2016,104.07,157.0773748,2809.781784,-8.139999,-7.25%,-7.53%,,21.674868,49.9323659,798.4861878,-0.765377,-3.41%,-3.47%
2/8/2016,102.010002,157.0773748,3032.415548,-2.059998,-1.98%,-2.00%,,21.78553,49.9323659,792.2443714,0.110662,0.51%,0.51%
2/15/2016,104.57,157.0773748,2757.024409,2.559998,2.51%,2.48%,,22.260695,49.9323659,765.7213706,0.475165,2.18%,2.16%
2/22/2016,107.919998,157.0773748,2416.447694,3.349998,3.20%,3.15%,,22.462343,49.9323659,754.6021584,0.201648,0.91%,0.90%
2/29/2016,108.389999,157.0773748,2370.460563,0.470001,0.44%,0.43%,,23.876238,49.9323659,678.9218014,1.413895,6.29%,6.10%
3/7/2016,109.410004,157.0773748,2272.178239,1.020005,0.94%,0.94%,,23.702404,49.9323659,688.0109015,-0.173834,-0.73%,-0.73%
3/14/2016,111.449997,157.0773748,2081.857605,2.039993,1.86%,1.85%,,24.550735,49.9323659,644.2271874,0.848331,3.58%,3.52%
3/21/2016,113.050003,157.0773748,1938.409468,1.600006,1.44%,1.43%,,24.492786,49.9323659,647.1722257,-0.057949,-0.24%,-0.24%
3/28/2016,116.059998,157.0773748,1682.4252,3.009995,2.66%,2.63%,,25.494101,49.9323659,597.2287915,1.001315,4.09%,4.01%
4/4/2016,110.629997,157.0773748,2157.358905,-5.430001,-4.68%,-4.79%,,25.185822,49.9323659,612.3914352,-0.308279,-1.21%,-1.22%
4/11/2016,109.639999,157.0773748,2250.304623,-0.989998,-0.89%,-0.90%,,25.461649,49.9323659,598.8159858,0.275827,1.10%,1.09%
4/18/2016,110.559998,157.0773748,2163.866345,0.919999,0.84%,0.84%,,24.49511,49.9323659,647.053988,-0.966539,-3.80%,-3.87%
4/25/2016,117.580002,157.0773748,1560.042458,7.020004,6.35%,6.16%,,21.727583,49.9323659,795.5097787,-2.767527,-11.30%,-11.99%
5/2/2016,119.489998,157.0773748,1412.810895,1.909996,1.62%,1.61%,,21.491163,49.9323659,808.9020227,-0.236420,-1.09%,-1.09%
5/9/2016,119.809998,157.0773748,1388.857374,0.320000,0.27%,0.27%,,21.108978,49.9323659,830.7876903,-0.382185,-1.78%,-1.79%
5/16/2016,117.349998,157.0773748,1578.264468,-2.460000,-2.05%,-2.07%,,22.205,49.9323659,768.80682,1.096022,5.19%,5.06%
5/23/2016,119.379997,157.0773748,1421.092293,2.029999,1.73%,1.72%,,23.401304,49.9323659,703.8972458,1.196304,5.39%,5.25%
5/30/2016,118.470001,157.0773748,1490.529312,-0.909996,-0.76%,-0.77%,,22.834635,49.9323659,734.2870202,-0.566669,-2.42%,-2.45%
6/6/2016,116.620003,157.0773748,1636.798933,-1.849998,-1.56%,-1.57%,,23.046844,49.9323659,722.8312881,0.212209,0.93%,0.93%
6/13/2016,113.019997,157.0773748,1941.052539,-3.600006,-3.09%,-3.14%,,22.230656,49.9323659,767.3847316,-0.816188,-3.54%,-3.61%
6/20/2016,112.080002,157.0773748,2024.763559,-0.939995,-0.83%,-0.84%,,21.780588,49.9323659,792.5225992,-0.450068,-2.02%,-2.05%
6/27/2016,114.190002,157.0773748,1839.326746,2.110000,1.88%,1.87%,,22.361248,49.9323659,760.1665425,0.580660,2.67%,2.63%
7/4/2016,117.239998,157.0773748,1587.016591,3.049996,2.67%,2.64%,,22.545471,49.9323659,750.0420125,0.184223,0.82%,0.82%
7/11/2016,116.860001,157.0773748,1617.437156,-0.379997,-0.32%,-0.32%,,23.035181,49.9323659,723.4585558,0.489710,2.17%,2.15%
7/18/2016,121,157.0773748,1301.576973,4.139999,3.54%,3.48%,,23.007198,49.9323659,724.9646667,-0.027983,-0.12%,-0.12%
7/25/2016,123.940002,157.0773748,1098.085476,2.940002,2.43%,2.40%,,24.301443,49.9323659,656.9442089,1.294245,5.63%,5.47%
8/1/2016,125.150002,157.0773748,1019.357134,1.210000,0.98%,0.97%,,25.063997,49.9323659,618.435772,0.762554,3.14%,3.09%
8/8/2016,124.879997,157.0773748,1036.671137,-0.270005,-0.22%,-0.22%,,25.363892,49.9323659,603.60991,0.299895,1.20%,1.19%
8/15/2016,123.559998,157.0773748,1123.414548,-1.319999,-1.06%,-1.06%,,25.640558,49.9323659,590.0919313,0.276666,1.09%,1.08%
8/22/2016,124.959999,157.0773748,1031.525829,1.400001,1.13%,1.13%,,25.073166,49.9323659,617.9798199,-0.567392,-2.21%,-2.24%
8/29/2016,126.510002,157.0773748,934.3642802,1.550003,1.24%,1.23%,,25.258389,49.9323659,608.8051363,0.185223,0.74%,0.74%
9/5/2016,127.099998,157.0773748,898.6431201,0.589996,0.47%,0.47%,,24.179869,49.9323659,663.1910968,-1.078520,-4.27%,-4.36%
9/12/2016,129.070007,157.0773748,784.4126513,1.970009,1.55%,1.54%,,26.944162,49.9323659,528.4575188,2.764293,11.43%,10.82%
9/19/2016,127.959999,157.0773748,847.8215737,-1.110008,-0.86%,-0.86%,,26.426001,49.9323659,552.549191,-0.518161,-1.92%,-1.94%
9/26/2016,128.270004,157.0773748,829.8646127,0.310005,0.24%,0.24%,,26.50572,49.9323659,548.8077383,0.079719,0.30%,0.30%
10/3/2016,128.990005,157.0773748,788.9003425,0.720001,0.56%,0.56%,,26.742517,49.9323659,537.7690922,0.236797,0.89%,0.89%
10/10/2016,127.879997,157.0773748,852.4868706,-1.110008,-0.86%,-0.86%,,27.579544,49.9323659,499.6486471,0.837027,3.13%,3.08%
10/17/2016,132.070007,157.0773748,625.3684445,4.190010,3.28%,3.22%,,27.338051,49.9323659,510.503066,-0.241493,-0.88%,-0.88%
10/24/2016,131.289993,157.0773748,664.9890603,-0.780014,-0.59%,-0.59%,,26.662804,49.9323659,541.4725112,-0.675247,-2.47%,-2.50%
10/31/2016,120.75,157.0773748,1319.67816,-10.539993,-8.03%,-8.37%,,25.518639,49.9323659,596.0300614,-1.144165,-4.29%,-4.39%
11/7/2016,119.019997,157.0773748,1448.364005,-1.730003,-1.43%,-1.44%,,25.553038,49.9323659,594.3516291,0.034399,0.13%,0.13%
11/14/2016,117.019997,157.0773748,1604.593517,-2.000000,-1.68%,-1.69%,,25.937164,49.9323659,575.7697144,0.384126,1.50%,1.49%
11/21/2016,120.379997,157.0773748,1346.697538,3.360000,2.87%,2.83%,,26.344868,49.9323659,556.3700574,0.407704,1.57%,1.56%
11/28/2016,115.400002,157.0773748,1737.003404,-4.979995,-4.14%,-4.22%,,25.89946,49.9323659,577.5805662,-0.445408,-1.69%,-1.71%
12/5/2016,119.68,157.0773748,1398.563642,4.279998,3.71%,3.64%,,26.853901,49.9323659,532.6155423,0.954441,3.69%,3.62%
12/12/2016,119.870003,157.0773748,1384.388517,0.190003,0.16%,0.16%,,27.329943,49.9323659,510.8695212,0.476042,1.77%,1.76%
12/19/2016,117.269997,157.0773748,1584.627328,-2.600006,-2.17%,-2.19%,,27.459557,49.9323659,505.0271401,0.129614,0.47%,0.47%
12/26/2016,115.050003,157.0773748,1766.299981,-2.219994,-1.89%,-1.91%,,27.29459,49.9323659,512.4688979,-0.164967,-0.60%,-0.60%
1/2/2017,123.410004,157.0773748,1133.491857,8.360001,7.27%,7.01%,,27.78713,49.9323659,490.4114733,0.492540,1.80%,1.79%
1/9/2017,128.339996,157.0773748,825.8369405,4.929992,3.99%,3.92%,,28.053429,49.9323659,478.6878801,0.266299,0.96%,0.95%
1/16/2017,127.040001,157.0773748,902.2438251,-1.299995,-1.01%,-1.02%,,28.279673,49.9323659,468.83911,0.226244,0.81%,0.80%
1/23/2017,132.179993,157.0773748,619.8796207,5.139992,4.05%,3.97%,,28.73921,49.9323659,449.1498572,0.459537,1.62%,1.61%
1/30/2017,130.979996,157.0773748,681.0731805,-1.199997,-0.91%,-0.91%,,30.419498,49.9323659,380.7520139,1.680288,5.85%,5.68%
2/6/2017,134.190002,157.0773748,523.8318339,3.210006,2.45%,2.42%,,31.135914,49.9323659,353.3066042,0.716416,2.36%,2.33%
2/13/2017,133.529999,157.0773748,554.4789073,-0.660003,-0.49%,-0.49%,,32.122974,49.9323659,317.17444,0.987060,3.17%,3.12%
2/20/2017,135.440002,157.0773748,468.1759019,1.910003,1.43%,1.42%,,32.345459,49.9323659,309.2992945,0.222485,0.69%,0.69%
2/27/2017,137.169998,157.0773748,396.3036512,1.729996,1.28%,1.27%,,33.083912,49.9323659,283.870399,0.738453,2.28%,2.26%
3/6/2017,138.789993,157.0773748,334.4283333,1.619995,1.18%,1.17%,,32.93243,49.9323659,288.9978208,-0.151482,-0.46%,-0.46%
3/13/2017,139.839996,157.0773748,297.127228,1.050003,0.76%,0.75%,,33.133621,49.9323659,282.1978304,0.201191,0.61%,0.61%
3/20/2017,140.339996,157.0773748,280.1398492,0.500000,0.36%,0.36%,,33.287468,49.9323659,277.0526263,0.153847,0.46%,0.46%
3/27/2017,142.050003,157.0773748,225.8219033,1.710007,1.22%,1.21%,,34.002254,49.9323659,253.7684653,0.714786,2.15%,2.12%
4/3/2017,140.779999,157.0773748,265.6044581,-1.270004,-0.89%,-0.90%,,33.926525,49.9323659,256.1869431,-0.075729,-0.22%,-0.22%
4/10/2017,139.389999,157.0773748,312.8432628,-1.390000,-0.99%,-0.99%,,33.384514,49.9323659,273.8314027,-0.542011,-1.60%,-1.61%
4/17/2017,143.679993,157.0773748,179.4898392,4.289994,3.08%,3.03%,,33.673267,49.9323659,264.3582972,0.288753,0.86%,0.86%
4/24/2017,150.25,157.0773748,46.61304672,6.570007,4.57%,4.47%,,33.999893,49.9323659,253.8436929,0.326626,0.97%,0.97%
5/1/2017,150.240005,157.0773748,46.74962584,-0.009995,-0.01%,-0.01%,,35.256687,49.9323659,215.3755513,1.256794,3.70%,3.63%
5/8/2017,150.330002,157.0773748,45.52703976,0.089997,0.06%,0.06%,,36.946625,49.9323659,168.6294668,1.689938,4.79%,4.68%
5/15/2017,148.059998,157.0773748,81.31308443,-2.270004,-1.51%,-1.52%,,36.376633,49.9323659,183.7578946,-0.569992,-1.54%,-1.55%
5/22/2017,152.130005,157.0773748,24.47646798,4.070007,2.75%,2.71%,,36.507351,49.9323659,180.2310252,0.130718,0.36%,0.36%
5/29/2017,153.610001,157.0773748,12.0226811,1.479996,0.97%,0.97%,,36.944645,49.9323659,168.6808943,0.437294,1.20%,1.19%
6/5/2017,149.600006,157.0773748,55.91104424,-4.009995,-2.61%,-2.65%,,35.406967,49.9323659,210.9872133,-1.537678,-4.16%,-4.25%
6/12/2017,150.639999,157.0773748,41.43980725,1.039993,0.70%,0.69%,,33.812263,49.9323659,259.8577177,-1.594704,-4.50%,-4.61%
6/19/2017,155.070007,157.0773748,4.029525502,4.430008,2.94%,2.90%,,34.765274,49.9323659,230.0406768,0.953011,2.82%,2.78%
6/26/2017,150.979996,157.0773748,37.17802828,-4.090011,-2.64%,-2.67%,,34.228165,49.9323659,246.621926,-0.537109,-1.54%,-1.56%
7/3/2017,151.440002,157.0773748,31.77997213,0.460006,0.30%,0.30%,,34.266182,49.9323659,245.4293181,0.038017,0.11%,0.11%
7/10/2017,159.970001,157.0773748,8.367286308,8.529999,5.63%,5.48%,,35.42123,49.9323659,210.5730652,1.155048,3.37%,3.32%
7/17/2017,164.429993,157.0773748,54.06099433,4.459992,2.79%,2.75%,,35.713554,49.9323659,202.174612,0.292324,0.83%,0.82%
7/24/2017,172.449997,157.0773748,236.3175132,8.020004,4.88%,4.76%,,35.53056,49.9323659,207.4120133,-0.182994,-0.51%,-0.51%
7/31/2017,169.619995,157.0773748,157.3173214,-2.830002,-1.64%,-1.65%,,37.168053,49.9323659,162.9276839,1.637493,4.61%,4.51%
8/7/2017,168.080002,157.0773748,121.0578052,-1.539993,-0.91%,-0.91%,,37.427109,49.9323659,156.3814502,0.259056,0.70%,0.69%
8/14/2017,167.410004,157.0773748,106.7632261,-0.669998,-0.40%,-0.40%,,37.578846,49.9323659,152.609454,0.151737,0.41%,0.40%
8/21/2017,166.320007,157.0773748,85.42624991,-1.089997,-0.65%,-0.65%,,38.141937,49.9323659,139.0142138,0.563091,1.50%,1.49%
8/28/2017,172.020004,157.0773748,223.2821673,5.699997,3.43%,3.37%,,39.141655,49.9323659,116.4394418,0.999718,2.62%,2.59%
9/4/2017,170.949997,157.0773748,192.4496466,-1.070007,-0.62%,-0.62%,,37.848465,49.9323659,146.0206611,-1.293190,-3.30%,-3.36%
9/11/2017,171.639999,157.0773748,212.0700235,0.690002,0.40%,0.40%,,38.146713,49.9323659,138.9016144,0.298248,0.79%,0.78%
9/18/2017,170.539993,157.0773748,181.2420887,-1.100006,-0.64%,-0.64%,,36.240326,49.9323659,187.4719567,-1.906387,-5.00%,-5.13%
9/25/2017,170.869995,157.0773748,190.2363719,0.330002,0.19%,0.19%,,36.772392,49.9323659,173.1849132,0.532066,1.47%,1.46%
10/2/2017,172.229996,157.0773748,229.6019291,1.360001,0.80%,0.79%,,37.053932,49.9323659,165.8540598,0.281540,0.77%,0.76%
10/9/2017,173.740005,157.0773748,277.643245,1.510009,0.88%,0.87%,,37.457169,49.9323659,155.6305378,0.403237,1.09%,1.08%
10/16/2017,174.979996,157.0773748,320.5038457,1.239991,0.71%,0.71%,,37.280605,49.9323659,160.067054,-0.176564,-0.47%,-0.47%
10/23/2017,177.880005,157.0773748,432.7494231,2.900009,1.66%,1.64%,,38.903057,49.9323659,121.6456549,1.622452,4.35%,4.26%
10/30/2017,178.919998,157.0773748,477.1001881,1.039993,0.58%,0.58%,,41.157791,49.9323659,76.99316476,2.254734,5.80%,5.63%
11/6/2017,178.460007,157.0773748,457.2169596,-0.459991,-0.26%,-0.26%,,41.675541,49.9323659,68.1751575,0.517750,1.26%,1.25%
11/13/2017,179,157.0773748,480.6014955,0.539993,0.30%,0.30%,,40.743034,49.9323659,84.44382085,-0.932507,-2.24%,-2.26%
11/20/2017,182.779999,157.0773748,660.6248905,3.779999,2.11%,2.09%,,41.897202,49.9323659,64.56385897,1.154168,2.83%,2.79%
11/27/2017,175.100006,157.0773748,324.8152352,-7.679993,-4.20%,-4.29%,,40.958542,49.9323659,80.52951547,-0.938660,-2.24%,-2.27%
12/4/2017,179,157.0773748,480.6014955,3.899994,2.23%,2.20%,,40.556255,49.9323659,87.91145569,-0.402287,-0.98%,-0.99%
12/11/2017,180.179993,157.0773748,533.7309675,1.179993,0.66%,0.66%,,41.657742,49.9323659,68.46940076,1.101487,2.72%,2.68%
12/18/2017,177.199997,157.0773748,404.919924,-2.979996,-1.65%,-1.67%,,41.906773,49.9323659,64.41014147,0.249031,0.60%,0.60%
12/25/2017,176.460007,157.0773748,375.6864308,-0.739990,-0.42%,-0.42%,,40.522732,49.9323659,88.54121022,-1.384041,-3.30%,-3.36%
1/1/2018,186.850006,157.0773748,886.4095683,10.389999,5.89%,5.72%,,41.904385,49.9323659,64.4484774,1.381653,3.41%,3.35%
1/8/2018,179.369995,157.0773748,496.9609152,-7.480011,-4.00%,-4.09%,,42.404835,49.9323659,56.66372152,0.500450,1.19%,1.19%
1/15/2018,181.289993,157.0773748,586.2508799,1.919998,1.07%,1.06%,,42.732887,49.9323659,51.8324965,0.328052,0.77%,0.77%
1/22/2018,190,157.0773748,1083.89925,8.710007,4.80%,4.69%,,41.068687,49.9323659,78.56480372,-1.664200,-3.89%,-3.97%
1/29/2018,190.279999,157.0773748,1102.414253,0.279999,0.15%,0.15%,,38.432304,49.9323659,132.2514238,-2.636383,-6.42%,-6.63%
2/5/2018,176.110001,157.0773748,362.2408599,-14.169998,-7.45%,-7.74%,,37.452938,49.9323659,155.7361208,-0.979366,-2.55%,-2.58%
2/12/2018,177.360001,157.0773748,411.3849254,1.250000,0.71%,0.71%,,41.457321,49.9323659,71.82638613,4.004383,10.69%,10.16%
2/19/2018,183.289993,157.0773748,687.1013527,5.929992,3.34%,3.29%,,42.19545,49.9323659,59.85986771,0.738129,1.78%,1.76%
2/26/2018,176.619995,157.0773748,381.9140041,-6.669998,-3.64%,-3.71%,,42.36615,49.9323659,57.24762311,0.170700,0.40%,0.40%
3/5/2018,185.229996,157.0773748,792.5700802,8.610001,4.87%,4.76%,,43.272568,49.9323659,44.35290813,0.906418,2.14%,2.12%
3/12/2018,185.089996,157.0773748,784.7069463,-0.140000,-0.08%,-0.08%,,42.801327,49.9323659,50.85171586,-0.471241,-1.09%,-1.09%
3/19/2018,159.389999,157.0773748,5.348230671,-25.699997,-13.89%,-14.95%,,39.656502,49.9323659,105.593379,-3.144825,-7.35%,-7.63%
3/26/2018,159.789993,157.0773748,7.358297476,0.399994,0.25%,0.25%,,40.339329,49.9323659,92.02635705,0.682827,1.72%,1.71%
4/2/2018,157.199997,157.0773748,0.015036203,-2.589996,-1.62%,-1.63%,,40.483589,49.9323659,89.27938499,0.144260,0.36%,0.36%
4/9/2018,164.520004,157.0773748,55.39272934,7.320007,4.66%,4.55%,,42.010315,49.9323659,62.75889053,1.526726,3.77%,3.70%
4/16/2018,166.279999,157.0773748,84.68829209,1.759995,1.07%,1.06%,,39.844044,49.9323659,101.7742388,-2.166271,-5.16%,-5.29%
4/23/2018,173.589996,157.0773748,272.6666588,7.309997,4.40%,4.30%,,39.026585,49.9323659,118.9360571,-0.817459,-2.05%,-2.07%
4/30/2018,176.610001,157.0773748,381.5234861,3.020005,1.74%,1.72%,,44.198219,49.9323659,32.88044072,5.171634,13.25%,12.44%
5/7/2018,186.990005,157.0773748,894.7654452,10.380004,5.88%,5.71%,,45.34267,49.9323659,21.0653085,1.144451,2.59%,2.56%
5/14/2018,182.679993,157.0773748,655.4940585,-4.310012,-2.30%,-2.33%,,44.967224,49.9323659,24.65263413,-0.375446,-0.83%,-0.83%
5/21/2018,184.919998,157.0773748,775.2116664,2.240005,1.23%,1.22%,,45.515106,49.9323659,19.51218506,0.547882,1.22%,1.21%
5/28/2018,193.990005,157.0773748,1362.542268,9.070007,4.90%,4.79%,,45.915764,49.9323659,16.13309086,0.400658,0.88%,0.88%
6/4/2018,189.100006,157.0773748,1025.448909,-4.889999,-2.52%,-2.55%,,46.268139,49.9323659,13.42655881,0.352375,0.77%,0.76%
6/11/2018,195.850006,157.0773748,1503.31693,6.750000,3.57%,3.51%,,45.577854,49.9323659,18.96177393,-0.690285,-1.49%,-1.50%
6/18/2018,201.740005,157.0773748,1994.750536,5.889999,3.01%,2.96%,,44.631737,49.9323659,28.09666678,-0.946117,-2.08%,-2.10%
6/25/2018,194.320007,157.0773748,1387.013653,-7.419998,-3.68%,-3.75%,,44.677597,49.9323659,27.61259624,0.045860,0.10%,0.10%
7/2/2018,203.229996,157.0773748,2130.064443,8.909989,4.59%,4.48%,,45.367878,49.9323659,20.83454983,0.690281,1.55%,1.53%
7/9/2018,207.320007,157.0773748,2524.32209,4.090011,2.01%,1.99%,,46.178841,49.9323659,14.08894921,0.810963,1.79%,1.77%
7/16/2018,209.940002,157.0773748,2794.457354,2.619995,1.26%,1.26%,,46.205383,49.9323659,13.89040157,0.026542,0.06%,0.06%
7/23/2018,174.889999,157.0773748,317.2895807,-35.050003,-16.70%,-18.27%,,46.094357,49.9323659,14.73031235,-0.111026,-0.24%,-0.24%
7/30/2018,177.779999,157.0773748,428.5986486,2.890000,1.65%,1.64%,,50.199841,49.9323659,0.071542927,4.105484,8.91%,8.53%
8/6/2018,180.259995,157.0773748,537.4338791,2.479996,1.39%,1.39%,,50.088814,49.9323659,0.024476007,-0.111027,-0.22%,-0.22%
8/13/2018,173.800003,157.0773748,279.6462938,-6.459992,-3.58%,-3.65%,,52.698631,49.9323659,7.652222578,2.609817,5.21%,5.08%
8/20/2018,174.649994,157.0773748,308.7969454,0.849991,0.49%,0.49%,,52.354706,49.9323659,5.867731538,-0.343925,-0.65%,-0.65%
8/27/2018,175.729996,157.0773748,347.9202775,1.080002,0.62%,0.62%,,55.132774,49.9323659,27.04424436,2.778068,5.31%,5.17%
9/3/2018,163.039993,157.0773748,35.55281575,-12.690003,-7.22%,-7.50%,,53.599628,49.9323659,13.44881128,-1.533146,-2.78%,-2.82%
9/10/2018,162.320007,157.0773748,27.48519234,-0.719986,-0.44%,-0.44%,,54.214817,49.9323659,18.33938739,0.615189,1.15%,1.14%
9/17/2018,162.929993,157.0773748,34.25313974,0.609986,0.38%,0.38%,,52.71801,49.9323659,7.759813027,-1.496807,-2.76%,-2.80%
9/24/2018,164.460007,157.0773748,54.50325814,1.530014,0.94%,0.93%,,54.675011,49.9323659,22.4926825,1.957001,3.71%,3.64%
10/1/2018,157.330002,157.0773748,0.0638205,-7.130005,-4.34%,-4.43%,,54.323814,49.9323659,19.28481638,-0.351197,-0.64%,-0.64%
10/8/2018,153.740005,157.0773748,11.13803721,-3.589997,-2.28%,-2.31%,,53.795818,49.9323659,14.92626209,-0.527996,-0.97%,-0.98%
10/15/2018,154.050003,157.0773748,9.164980041,0.309998,0.20%,0.20%,,53.117638,49.9323659,10.14595832,-0.678180,-1.26%,-1.27%
10/22/2018,145.369995,157.0773748,137.0627419,-8.680008,-5.63%,-5.80%,,52.388607,49.9323659,6.033120319,-0.729031,-1.37%,-1.38%
10/29/2018,150.350006,157.0773748,45.25749103,4.980011,3.43%,3.37%,,50.25238,49.9323659,0.102409021,-2.136227,-4.08%,-4.16%
11/5/2018,144.960007,157.0773748,146.8306025,-5.389999,-3.58%,-3.65%,,49.523346,49.9323659,0.167297282,-0.729034,-1.45%,-1.46%
11/12/2018,139.529999,157.0773748,307.9103976,-5.430008,-3.75%,-3.82%,,47.037186,49.9323659,8.38206668,-2.486160,-5.02%,-5.15%
11/19/2018,131.729996,157.0773748,642.4896122,-7.800003,-5.59%,-5.75%,,41.87484,49.9323659,64.9237237,-5.162346,-10.98%,-11.63%
11/26/2018,140.610001,157.0773748,271.1744,8.880005,6.74%,6.52%,,43.40361,49.9323659,42.62465366,1.528770,3.65%,3.59%
12/3/2018,137.419998,157.0773748,386.4124628,-3.190003,-2.27%,-2.29%,,40.951248,49.9323659,80.66047882,-2.452362,-5.65%,-5.82%
12/10/2018,144.059998,157.0773748,169.4520989,6.640000,4.83%,4.72%,,40.219673,49.9323659,94.33640346,-0.731575,-1.79%,-1.80%
12/17/2018,124.949997,157.0773748,1032.168405,-19.110001,-13.27%,-14.23%,,36.634705,49.9323659,176.8277855,-3.584968,-8.91%,-9.34%
12/24/2018,133.199997,157.0773748,570.1291708,8.250000,6.60%,6.39%,,37.971478,49.9323659,143.0628395,1.336773,3.65%,3.58%
12/31/2018,137.949997,157.0773748,365.8565817,4.750000,3.57%,3.50%,,36.03437,49.9323659,193.1542902,-1.937108,-5.10%,-5.24%
1/7/2019,143.800003,157.0773748,176.288602,5.850006,4.24%,4.15%,,37.013863,49.9323659,166.8877173,0.979493,2.72%,2.68%
1/14/2019,150.039993,157.0773748,49.52474266,6.239990,4.34%,4.25%,,38.114872,49.9323659,139.6531622,1.101009,2.97%,2.93%
1/21/2019,149.009995,157.0773748,65.08261691,-1.029998,-0.69%,-0.69%,,38.34333,49.9323659,134.3057532,0.228458,0.60%,0.60%
1/28/2019,165.710007,157.0773748,74.52233863,16.700012,11.21%,10.62%,,40.47245,49.9323659,89.49000892,2.129120,5.55%,5.40%
2/4/2019,167.330002,157.0773748,105.1163644,1.619995,0.98%,0.97%,,41.4179,49.9323659,72.49612964,0.945450,2.34%,2.31%
2/11/2019,162.5,157.0773748,29.40486401,-4.830002,-2.89%,-2.93%,,41.597973,49.9323659,69.46210509,0.180073,0.43%,0.43%
2/18/2019,161.889999,157.0773748,23.16135165,-0.610001,-0.38%,-0.38%,,42.220417,49.9323659,59.47415591,0.622444,1.50%,1.49%
2/25/2019,162.279999,157.0773748,27.06729852,0.390000,0.24%,0.24%,,42.708599,49.9323659,52.18280829,0.488182,1.16%,1.15%
3/4/2019,169.600006,157.0773748,156.8162921,7.320007,4.51%,4.41%,,42.205765,49.9323659,59.70036154,-0.502834,-1.18%,-1.18%
3/11/2019,165.979996,157.0773748,79.25666415,-3.620010,-2.13%,-2.16%,,45.430202,49.9323659,20.26947982,3.224437,7.64%,7.36%
3/18/2019,164.339996,157.0773748,52.74566663,-1.640000,-0.99%,-0.99%,,46.633575,49.9323659,10.88202143,1.203373,2.65%,2.61%
3/25/2019,166.690002,157.0773748,92.4026016,2.350006,1.43%,1.42%,,46.365074,49.9323659,12.72557153,-0.268501,-0.58%,-0.58%
4/1/2019,175.720001,157.0773748,347.5475115,9.029999,5.42%,5.28%,,48.085915,49.9323659,3.409380943,1.720841,3.71%,3.64%
4/8/2019,179.100006,157.0773748,484.9962848,3.380005,1.92%,1.91%,,48.542358,49.9323659,1.932121975,0.456443,0.95%,0.94%
4/15/2019,178.279999,157.0773748,449.5512728,-0.820007,-0.46%,-0.46%,,49.760384,49.9323659,0.029577775,1.218026,2.51%,2.48%
4/22/2019,191.490005,157.0773748,1184.229117,13.210006,7.41%,7.15%,,49.867779,49.9323659,0.004171468,0.107395,0.22%,0.22%
4/29/2019,195.470001,157.0773748,1473.993746,3.979996,2.08%,2.06%,,51.686256,49.9323659,3.076130467,1.818477,3.65%,3.58%
5/6/2019,188.339996,157.0773748,977.351484,-7.130005,-3.65%,-3.72%,,48.12986,49.9323659,3.249027536,-3.556396,-6.88%,-7.13%
5/13/2019,185.300003,157.0773748,796.5167423,-3.039993,-1.61%,-1.63%,,46.310848,49.9323659,13.11539193,-1.819012,-3.78%,-3.85%
5/20/2019,181.059998,157.0773748,575.1662153,-4.240005,-2.29%,-2.31%,,43.853184,49.9323659,36.95645263,-2.457664,-5.31%,-5.45%
5/27/2019,177.470001,157.0773748,415.8592032,-3.589997,-1.98%,-2.00%,,42.897572,49.9323659,49.48832528,-0.955612,-2.18%,-2.20%
6/3/2019,173.350006,157.0773748,264.798526,-4.119995,-2.32%,-2.35%,,46.592632,49.9323659,11.15382255,3.695060,8.61%,8.26%
6/10/2019,181.330002,157.0773748,588.1899259,7.979996,4.60%,4.50%,,47.227264,49.9323659,7.317576314,0.634632,1.36%,1.35%
6/17/2019,191.139999,157.0773748,1160.262367,9.809997,5.41%,5.27%,,48.707249,49.9323659,1.50091143,1.479985,3.13%,3.09%
6/24/2019,193,157.0773748,1290.435001,1.860001,0.97%,0.97%,,48.496521,49.9323659,2.06165059,-0.210728,-0.43%,-0.43%
7/1/2019,196.399994,157.0773748,1546.26838,3.399994,1.76%,1.75%,,50.042667,49.9323659,0.012166332,1.546146,3.19%,3.14%
7/8/2019,204.869995,157.0773748,2284.134545,8.470001,4.31%,4.22%,,49.814785,49.9323659,0.013825269,-0.227882,-0.46%,-0.46%
7/15/2019,198.360001,157.0773748,1704.255226,-6.509994,-3.18%,-3.23%,,49.640816,49.9323659,0.085001347,-0.173969,-0.35%,-0.35%
7/22/2019,199.75,157.0773748,1820.952941,1.389999,0.70%,0.70%,,50.902725,49.9323659,0.941596774,1.261909,2.54%,2.51%
7/29/2019,189.020004,157.0773748,1020.33156,-10.729996,-5.37%,-5.52%,,49.991215,49.9323659,0.003463216,-0.911510,-1.79%,-1.81%
8/5/2019,187.850006,157.0773748,946.9548307,-1.169998,-0.62%,-0.62%,,49.248768,49.9323659,0.467306095,-0.742447,-1.49%,-1.50%
8/12/2019,183.699997,157.0773748,708.7640126,-4.150009,-2.21%,-2.23%,,50.791138,49.9323659,0.737489512,1.542370,3.13%,3.08%
8/19/2019,177.75,157.0773748,427.3574325,-5.949997,-3.24%,-3.29%,,49.841724,49.9323659,0.008215955,-0.949414,-1.87%,-1.89%
8/26/2019,185.669998,157.0773748,817.5381012,7.919998,4.46%,4.36%,,51.342091,49.9323659,1.987324845,1.500367,3.01%,2.97%
9/2/2019,187.490005,157.0773748,924.9280754,1.820007,0.98%,0.98%,,52.453838,49.9323659,6.357821528,1.111747,2.17%,2.14%
9/9/2019,187.190002,157.0773748,906.7703166,-0.300003,-0.16%,-0.16%,,53.804165,49.9323659,14.99082824,1.350327,2.57%,2.54%
9/16/2019,189.929993,157.0773748,1079.294522,2.739991,1.46%,1.45%,,53.553288,49.9323659,13.11107682,-0.250877,-0.47%,-0.47%
9/23/2019,177.100006,157.0773748,400.90576,-12.829987,-6.76%,-6.99%,,53.821392,49.9323659,15.12452397,0.268104,0.50%,0.50%
9/30/2019,180.449997,157.0773748,546.2794683,3.349991,1.89%,1.87%,,55.835812,49.9323659,34.8506758,2.014420,3.74%,3.67%
10/7/2019,184.190002,157.0773748,735.0945535,3.740005,2.07%,2.05%,,58.098667,49.9323659,66.68847358,2.262855,4.05%,3.97%
10/14/2019,185.850006,157.0773748,827.8643059,1.660004,0.90%,0.90%,,58.147865,49.9323659,67.49442539,0.049198,0.08%,0.08%
10/21/2019,187.889999,157.0773748,949.4178098,2.039993,1.10%,1.09%,,60.649292,49.9323659,114.8525049,2.501427,4.30%,4.21%
10/28/2019,193.619995,157.0773748,1335.363091,5.729996,3.05%,3.00%,,62.921982,49.9323659,168.7301263,2.272690,3.75%,3.68%
11/4/2019,190.839996,157.0773748,1139.91459,-2.779999,-1.44%,-1.45%,,63.984543,49.9323659,197.4636811,1.062561,1.69%,1.67%
11/11/2019,195.100006,157.0773748,1445.720483,4.260010,2.23%,2.21%,,65.563095,49.9323659,244.3196921,1.578552,2.47%,2.44%
11/18/2019,198.820007,157.0773748,1742.447343,3.720001,1.91%,1.89%,,64.581215,49.9323659,214.5887798,-0.981880,-1.50%,-1.51%
11/25/2019,201.639999,157.0773748,1985.827475,2.819992,1.42%,1.41%,,65.930664,49.9323659,255.945542,1.349449,2.09%,2.07%
12/2/2019,201.050003,157.0773748,1933.59203,-0.589996,-0.29%,-0.29%,,66.784256,49.9323659,283.9861998,0.853592,1.29%,1.29%
12/9/2019,194.110001,157.0773748,1371.415403,-6.940002,-3.45%,-3.51%,,67.879601,49.9323659,322.1032476,1.095345,1.64%,1.63%
12/16/2019,206.300003,157.0773748,2422.867126,12.190002,6.28%,6.09%,,68.93795,49.9323659,361.2122268,1.058349,1.56%,1.55%
12/23/2019,208.100006,157.0773748,2603.308894,1.800003,0.87%,0.87%,,71.493759,49.9323659,464.8936722,2.555809,3.71%,3.64%
12/30/2019,208.669998,157.0773748,2661.798768,0.569992,0.27%,0.27%,,73.376083,49.9323659,549.6078713,1.882324,2.63%,2.60%
1/6/2020,218.059998,157.0773748,3718.880332,9.390000,4.50%,4.40%,,76.558517,49.9323659,708.9519222,3.182434,4.34%,4.25%
1/13/2020,222.139999,157.0773748,4233.145067,4.080001,1.87%,1.85%,,78.630814,49.9323659,823.6009231,2.072297,2.71%,2.67%
1/20/2020,217.940002,157.0773748,3704.259389,-4.199997,-1.89%,-1.91%,,78.527199,49.9323659,817.6644798,-0.103615,-0.13%,-0.13%
1/27/2020,201.910004,157.0773748,2009.964641,-16.029998,-7.36%,-7.64%,,76.356224,49.9323659,698.2202766,-2.170975,-2.76%,-2.80%
2/3/2020,212.330002,157.0773748,3052.852812,10.419998,5.16%,5.03%,,78.95153,49.9323659,842.1118848,2.595306,3.40%,3.34%
2/10/2020,214.179993,157.0773748,3260.709005,1.849991,0.87%,0.87%,,80.355545,49.9323659,925.5698263,1.404015,1.78%,1.76%
2/17/2020,210.179993,157.0773748,2819.888059,-4.000000,-1.87%,-1.89%,,77.412834,49.9323659,755.1761267,-2.942711,-3.66%,-3.73%
2/24/2020,192.470001,157.0773748,1252.637989,-17.709992,-8.43%,-8.80%,,67.598061,49.9323659,312.0767832,-9.814773,-12.68%,-13.56%
3/2/2020,181.089996,157.0773748,576.6059767,-11.380005,-5.91%,-6.09%,,71.473038,49.9323659,464.0005543,3.874977,5.73%,5.57%
3/9/2020,170.279999,157.0773748,174.3092857,-10.809997,-5.97%,-6.15%,,68.738045,49.9323659,353.6535662,-2.734993,-3.83%,-3.90%
3/16/2020,149.729996,157.0773748,53.98397529,-20.550003,-12.07%,-12.86%,,56.687817,49.9323659,45.6361195,-12.050228,-17.53%,-19.27%
3/23/2020,156.789993,157.0773748,0.082588301,7.059997,4.72%,4.61%,,61.2626,49.9323659,128.3742047,4.574783,8.07%,7.76%
3/30/2020,154.179993,157.0773748,8.39482132,-2.610000,-1.66%,-1.68%,,59.697277,49.9323659,95.3534887,-1.565323,-2.56%,-2.59%
4/6/2020,175.190002,157.0773748,328.0672639,21.010009,13.63%,12.78%,,66.270126,49.9323659,266.9224049,6.572849,11.01%,10.45%
4/13/2020,179.240005,157.0773748,491.1821772,4.050003,2.31%,2.29%,,69.932442,49.9323659,400.0030438,3.662316,5.53%,5.38%
4/20/2020,190.070007,157.0773748,1088.513779,10.830002,6.04%,5.87%,,69.974472,49.9323659,401.6860167,0.042030,0.06%,0.06%
4/27/2020,202.270004,157.0773748,2042.373734,12.199997,6.42%,6.22%,,71.482933,49.9323659,464.4269421,1.508461,2.16%,2.13%
5/4/2020,212.350006,157.0773748,3055.063759,10.080002,4.98%,4.86%,,76.690758,49.9323659,716.0115475,5.207825,7.29%,7.03%
5/11/2020,210.880005,157.0773748,2894.723016,-1.470001,-0.69%,-0.69%,,76.298309,49.9323659,695.1629553,-0.392449,-0.51%,-0.51%
5/18/2020,234.910004,157.0773748,6057.918168,24.029999,11.40%,10.79%,,79.070457,49.9323659,849.0283527,2.772148,3.63%,3.57%
5/25/2020,225.089996,157.0773748,4625.716642,-9.820008,-4.18%,-4.27%,,78.8349,49.9323659,835.3564771,-0.235557,-0.30%,-0.30%
6/1/2020,230.770004,157.0773748,5430.603598,5.680008,2.52%,2.49%,,82.197174,49.9323659,1041.017841,3.362274,4.26%,4.18%
6/8/2020,228.580002,157.0773748,5112.625696,-2.190002,-0.95%,-0.95%,,84.007233,49.9323659,1161.096568,1.810059,2.20%,2.18%
6/15/2020,238.789993,157.0773748,6676.951972,10.209991,4.47%,4.37%,,86.714905,49.9323659,1352.955182,2.707672,3.22%,3.17%
6/22/2020,216.080002,157.0773748,3481.310016,-22.709991,-9.51%,-9.99%,,87.684418,49.9323659,1425.217437,0.969513,1.12%,1.11%
6/29/2020,233.419998,157.0773748,5828.196116,17.339996,8.02%,7.72%,,90.282982,49.9323659,1628.172219,2.598564,2.96%,2.92%
7/6/2020,245.070007,157.0773748,7742.703321,11.650009,4.99%,4.87%,,95.135475,49.9323659,2043.321072,4.852493,5.37%,5.24%
7/13/2020,242.029999,157.0773748,7216.948358,-3.040008,-1.24%,-1.25%,,95.539635,49.9323659,2080.022994,0.404160,0.42%,0.42%
7/20/2020,230.710007,157.0773748,5421.764524,-11.319992,-4.68%,-4.79%,,91.857506,49.9323659,1757.717372,-3.682129,-3.85%,-3.93%
7/27/2020,253.669998,157.0773748,9330.134856,22.959991,9.95%,9.49%,,105.390907,49.9323659,3075.64978,13.533401,14.73%,13.74%
8/3/2020,268.440002,157.0773748,12401.63474,14.770004,5.82%,5.66%,,110.20372,49.9323659,3632.636125,4.812813,4.57%,4.47%
8/10/2020,261.23999,157.0773748,10849.8504,-7.200012,-2.68%,-2.72%,,114.173164,49.9323659,4126.88014,3.969444,3.60%,3.54%
8/17/2020,267.01001,157.0773748,12085.18428,5.770020,2.21%,2.18%,,123.575188,49.9323659,5423.265246,9.402024,8.23%,7.91%
8/24/2020,293.660004,157.0773748,18654.8146,26.649994,9.98%,9.51%,,124.009895,49.9323659,5487.480317,0.434707,0.35%,0.35%
8/31/2020,282.730011,157.0773748,15788.58498,-10.929993,-3.72%,-3.79%,,120.186981,49.9323659,4935.710942,-3.822914,-3.08%,-3.13%
9/7/2020,266.609985,157.0773748,11997.3927,-16.120026,-5.70%,-5.87%,,111.284241,49.9323659,3764.052578,-8.902740,-7.41%,-7.70%
9/14/2020,252.529999,157.0773748,9111.203466,-14.079986,-5.28%,-5.43%,,106.157211,49.9323659,3161.233206,-5.127030,-4.61%,-4.72%
9/21/2020,254.820007,157.0773748,9553.622149,2.290008,0.91%,0.90%,,111.562439,49.9323659,3798.26591,5.405228,5.09%,4.97%
9/28/2020,259.940002,157.0773748,10580.72007,5.119995,2.01%,1.99%,,112.297722,49.9323659,3889.437641,0.735283,0.66%,0.66%
10/5/2020,264.450012,157.0773748,11528.88322,4.510010,1.74%,1.72%,,116.222473,49.9323659,4394.378299,3.924751,3.49%,3.44%
10/12/2020,265.929993,157.0773748,11848.89249,1.479981,0.56%,0.56%,,118.259369,49.9323659,4668.579352,2.036896,1.75%,1.74%
10/19/2020,284.790009,157.0773748,16310.51693,18.860016,7.09%,6.85%,,114.304817,49.9323659,4143.81246,-3.954552,-3.34%,-3.40%
10/26/2020,263.109985,157.0773748,11242.91442,-21.680024,-7.61%,-7.92%,,108.164307,49.9323659,3390.958964,-6.140510,-5.37%,-5.52%
11/2/2020,293.410004,157.0773748,18586.58578,30.300019,11.52%,10.90%,,117.931496,49.9323659,4623.881694,9.767189,9.03%,8.65%
11/9/2020,276.950012,157.0773748,14369.44915,-16.459992,-5.61%,-5.77%,,118.702278,49.9323659,4729.30081,0.770782,0.65%,0.65%
11/16/2020,269.700012,157.0773748,12683.85841,-7.250000,-2.62%,-2.65%,,116.79126,49.9323659,4470.11172,-1.911018,-1.61%,-1.62%
11/23/2020,277.809998,157.0773748,14576.3663,8.109986,3.01%,2.96%,,116.044762,49.9323659,4370.848917,-0.746498,-0.64%,-0.64%
11/30/2020,279.700012,157.0773748,15036.31115,1.890014,0.68%,0.68%,,121.678307,49.9323659,5147.480064,5.633545,4.85%,4.74%
12/7/2020,273.549988,157.0773748,13565.86962,-6.150024,-2.20%,-2.22%,,121.837555,49.9323659,5170.356219,0.159248,0.13%,0.13%
12/14/2020,276.399994,157.0773748,14237.88745,2.850006,1.04%,1.04%,,126.06768,49.9323659,5796.586052,4.230125,3.47%,3.41%
12/21/2020,267.399994,157.0773748,12171.08031,-9.000000,-3.26%,-3.31%,,131.352829,49.9323659,6629.291811,5.285149,4.19%,4.11%
12/28/2020,273.160004,157.0773748,13475.1768,5.760010,2.15%,2.13%,,132.069473,49.9323659,6746.504362,0.716644,0.55%,0.54%
1/4/2021,267.570007,157.0773748,12208.62177,-5.589997,-2.05%,-2.07%,,131.432465,49.9323659,6642.266153,-0.637008,-0.48%,-0.48%
1/11/2021,251.360001,157.0773748,8889.213602,-16.210006,-6.06%,-6.25%,,126.545425,49.9323659,5869.560824,-4.887040,-3.72%,-3.79%
1/18/2021,274.5,157.0773748,13788.07291,23.139999,9.21%,8.81%,,138.419647,49.9323659,7829.998916,11.874222,9.38%,8.97%
1/25/2021,258.329987,157.0773748,10252.09148,-16.170013,-5.89%,-6.07%,,131.34288,49.9323659,6627.671805,-7.076767,-5.11%,-5.25%
2/1/2021,268.100006,157.0773748,12326.02464,9.770019,3.78%,3.71%,,136.120438,49.9323659,7428.383772,4.777558,3.64%,3.57%
2/8/2021,270.5,157.0773748,12864.69191,2.399994,0.90%,0.89%,,134.938263,49.9323659,7226.002541,-1.182175,-0.87%,-0.87%
2/15/2021,261.559998,157.0773748,10916.61855,-8.940002,-3.30%,-3.36%,,129.455826,49.9323659,6323.980706,-5.482437,-4.06%,-4.15%
2/22/2021,257.619995,157.0773748,10108.81848,-3.940003,-1.51%,-1.52%,,120.873283,49.9323659,5032.613718,-8.582543,-6.63%,-6.86%
3/1/2021,264.279999,157.0773748,11492.40263,6.660004,2.59%,2.55%,,121.032768,49.9323659,5055.267178,0.159485,0.13%,0.13%
3/8/2021,268.399994,157.0773748,12392.72554,4.119995,1.56%,1.55%,,120.644012,49.9323659,5000.136894,-0.388756,-0.32%,-0.32%
3/15/2021,290.109985,157.0773748,17697.67538,21.709991,8.09%,7.78%,,119.60733,49.9323659,4854.600622,-1.036682,-0.86%,-0.86%
3/22/2021,283.019989,157.0773748,15861.54207,-7.089996,-2.44%,-2.47%,,120.823441,49.9323659,5025.544528,1.216111,1.02%,1.01%
3/29/2021,298.660004,157.0773748,20045.64089,15.640015,5.53%,5.38%,,122.607727,49.9323659,5281.70811,1.784286,1.48%,1.47%
4/5/2021,312.459991,157.0773748,24143.75742,13.799987,4.62%,4.52%,,132.575836,49.9323659,6829.943149,9.968109,8.13%,7.82%
4/12/2021,306.179993,157.0773748,22231.59075,-6.279998,-2.01%,-2.03%,,133.732147,49.9323659,7022.403312,1.156311,0.87%,0.87%
4/19/2021,301.130005,157.0773748,20751.16027,-5.049988,-1.65%,-1.66%,,133.891632,49.9323659,7049.158363,0.159485,0.12%,0.12%
4/26/2021,325.079987,157.0773748,28224.8777,23.949982,7.95%,7.65%,,131.040756,49.9323659,6578.570944,-2.850876,-2.13%,-2.15%
5/3/2021,319.079987,157.0773748,26244.84636,-6.000000,-1.85%,-1.86%,,129.794739,49.9323659,6377.998636,-1.246017,-0.95%,-0.96%
5/10/2021,315.940002,157.0773748,25237.33432,-3.139985,-0.98%,-0.99%,,127.259331,49.9323659,5979.459531,-2.535408,-1.95%,-1.97%
5/17/2021,316.230011,157.0773748,25329.56161,0.290009,0.09%,0.09%,,125.242355,49.9323659,5671.594458,-2.016976,-1.58%,-1.60%
5/24/2021,328.730011,157.0773748,29464.62751,12.500000,3.95%,3.88%,,124.423584,49.9323659,5548.941573,-0.818771,-0.65%,-0.66%
5/31/2021,330.350006,157.0773748,30023.40472,1.619995,0.49%,0.49%,,125.701668,49.9323659,5740.98714,1.278084,1.03%,1.02%
6/7/2021,331.26001,157.0773748,30339.5904,0.910004,0.28%,0.28%,,127.159477,49.9323659,5964.026688,1.457809,1.16%,1.15%
6/14/2021,329.660004,157.0773748,29784.7639,-1.600006,-0.48%,-0.48%,,130.264832,49.9323659,6453.305109,3.105355,2.44%,2.41%
6/21/2021,341.369995,157.0773748,33963.76986,11.709991,3.55%,3.49%,,132.910873,49.9323659,6885.43264,2.646041,2.03%,2.01%
6/28/2021,354.700012,157.0773748,39054.70673,13.330017,3.90%,3.83%,,139.750626,49.9323659,8067.319847,6.839753,5.15%,5.02%
7/5/2021,350.420013,157.0773748,37381.37574,-4.279999,-1.21%,-1.21%,,144.892914,49.9323659,9017.505695,5.142288,3.68%,3.61%
7/12/2021,341.160004,157.0773748,33886.41437,-9.260009,-2.64%,-2.68%,,146.17099,49.9323659,9261.872768,1.278076,0.88%,0.88%
7/19/2021,369.790009,157.0773748,45246.66475,28.630005,8.39%,8.06%,,148.337753,49.9323659,9683.620209,2.166763,1.48%,1.47%
7/26/2021,356.299988,157.0773748,39689.64961,-13.490021,-3.65%,-3.72%,,145.641785,49.9323659,9160.292904,-2.695968,-1.82%,-1.83%
8/2/2021,363.51001,157.0773748,42614.43287,7.210022,2.02%,2.00%,,145.921371,49.9323659,9213.889099,0.279586,0.19%,0.19%
8/9/2021,363.179993,157.0773748,42478.28923,-0.330017,-0.09%,-0.09%,,149.100006,49.9323659,9834.220842,3.178635,2.18%,2.15%
8/16/2021,359.369995,157.0773748,40922.30419,-3.809998,-1.05%,-1.05%,,148.190002,49.9323659,9654.563051,-0.910004,-0.61%,-0.61%
8/23/2021,372.630005,157.0773748,46462.93638,13.260010,3.69%,3.62%,,148.600006,49.9323659,9735.303202,0.410004,0.28%,0.28%
8/30/2021,376.26001,157.0773748,48041.02757,3.630005,0.97%,0.97%,,154.300003,49.9323659,10892.60367,5.699997,3.84%,3.76%
9/6/2021,378.690002,157.0773748,49112.15653,2.429992,0.65%,0.64%,,148.970001,49.9323659,9808.453165,-5.330002,-3.45%,-3.52%
9/10/2021,378.690002,157.0773748,49112.15653,0.000000,0.00%,0.00%,,148.970001,49.9323659,9808.453165,0.000000,0.00%,0.00%
,,,,,,,,,,,,,
,,419,2430345.054,5800.34619,,,,,419,540480.1798,1289.92883,,
,,,,Varianza,,,,,,,Varianza,,
,,,,Hay que estandarizar los precios,,,,,,,,,
